﻿<?xml version="1.0" encoding="UTF-8" standalone="yes"?>
<addon id="keeper25" name="Keeper25" version="0.0.1" provider-name="Becooldanon">
	<extension point="xbmc.addon.repository" name="Keeper Add-on Repository">
		<info compressed="false">http://raw.github.com/becooldanon/keeper25/master/addons.xml</info>
		<checksum>http://raw.github.com/becooldanon/keeper25/master/addons.xml.md5</checksum>
		<datadir zip="true">http://raw.github.com/becooldanon/keeper25/master/repo/</datadir>
	</extension>
	<extension point="xbmc.addon.metadata">
		<summary>Keeper addon</summary>
		<description>Partilha com amigos</description>
		<disclaimer></disclaimer>
		<platform>all</platform>
	</extension>
</addon>